{"RNSOLT":{"DataType":"Float64","Dimensions":2,"Configurations":{"decimationFactor":[2,2],"polyphaseOrder":[2,2],"nChannels":[3,3],"nVanishingMoment":0,"initMatrices":[[[-0.9158249818650636,-0.040749450159541616,-0.39950479960014373],[-0.32778970616397146,-0.4988539496850193,0.8023083231629805],[-0.23198817022596907,0.8657275663829537,0.4435056591294586]],[[-0.9344328546450754,-0.060771167826562264,-0.35091609441695765],[0.10427812729736292,-0.9888370187931868,-0.10643036423670611],[-0.3405309271229418,-0.13604490223892537,0.9303389018242713]]],"propMatrices":[[[[-0.3233037458218683,-0.491086413276345,-0.8088935793000979],[-0.5793924897047835,-0.5731160312243551,0.5795190744292515],[-0.7481838215380234,0.6560275523550966,-0.09924121996297695]],[[-0.6529932317070506,-0.5730078751186055,-0.4952391486916624],[0.6365720561660003,-0.7695276227177827,0.051022104845919666],[-0.4103362726513127,-0.2819383140447181,0.8672571305098905]]],[[[-0.5453055722014842,-0.6605549686192437,-0.5160513214385192],[0.794793985587378,-0.6030674980122812,-0.06791254166454164],[-0.2663538124377848,-0.4471875739257938,0.8538611832881385]],[[0.029645650358821024,-0.8804919756090349,-0.47313319087007755],[-0.11194444738569811,-0.47328803945769143,0.8737659139642638],[-0.9932721561154894,0.0270612748109426,-0.1125971193738696]]]],"matrixC":[[0.5000000000000001,0.5000000000000001,-0.5000000000000001,-0.5000000000000001],[0.5000000000000001,-0.5000000000000001,0.5000000000000001,-0.5000000000000001],[0.5000000000000001,-0.5000000000000001,-0.5000000000000001,0.5000000000000001],[0.5000000000000001,0.5000000000000001,0.5000000000000001,0.5000000000000001]]}}}