{"RNSOLT":{"DataType":"Float64","Dimensions":2,"Configurations":{"decimationFactor":[2,2],"nChannels":[3,3],"polyphaseOrder":[2,2],"nVanishingMoment":0,"initMatrices":[[[1.0,0.0,0.0],[0.0,1.0,0.0],[0.0,0.0,1.0]],[[1.0,0.0,0.0],[0.0,1.0,0.0],[0.0,0.0,1.0]]],"propMatrices":[[[[-1.0,-0.0,-0.0],[-0.0,-1.0,-0.0],[-0.0,-0.0,-1.0]],[[1.0,0.0,0.0],[0.0,1.0,0.0],[0.0,0.0,1.0]]],[[[-1.0,-0.0,-0.0],[-0.0,-1.0,-0.0],[-0.0,-0.0,-1.0]],[[1.0,0.0,0.0],[0.0,1.0,0.0],[0.0,0.0,1.0]]]],"matrixC":[[0.5000000000000001,0.5000000000000001,-0.5000000000000001,-0.5000000000000001],[0.5000000000000001,-0.5000000000000001,0.5000000000000001,-0.5000000000000001],[0.5000000000000001,-0.5000000000000001,-0.5000000000000001,0.5000000000000001],[0.5000000000000001,0.5000000000000001,0.5000000000000001,0.5000000000000001]]}}}